Academy Name,Date,File Count
Albany Academy,1827,1
Auburn Academy,1827,14
Canajoharie,1827,1
Cayuga,1827,12
Cherry Valley,1827,13
Clinton Academy,1827,29
Cortland Academy,1827,12
Delaware Academy,1827,19
Erasmus Hall,1827,22
Fairfield Academy,1827,23
Franklin(Prattsburgh)Academy,1827,13
Fredonia Academy,1827,16
Greenville Academy,1827,20
Hamilton Academy,1827,30
Hartwick Academy,1827,34
Hudson Academy,1827,29
Ithaca Academy,1827,22
Johnstown Academy,1827,14
Lansingburgh Academy,1827,31
Lowville Academy,1827,36
Montgomery Academy,1827,14
Mount Pleasant Academy,1827,7
Newburgh Academy,1827,10
Onondaga Academy,1827,19
Oxford Academy,1827,19
Pompey Academy,1827,43
Schenectady Academy,1827,15
St Lawrence Academy,1827,25
Union Hall,1827,48
Utica Academy,1827,46
Albany Academy,1828,35
Auburn Academy,1828,34
Cambridge Washington Academy,1828,28
Canandaigua Academy,1828,26
Cayuga Academy,1828,18
Cherry Valley Academy,1828,13
Clinton Academy,1828,28
Cortland Academy,1828,15
Delaware Academy,1828,19
Dutchess Academy,1828,29
Erasmus Hall,1828,46
Fairfield Academy,1828,21
Franklin(Prattsburgh)Academy,1828,34
Greenville Academy,1828,18
Hamilton Academy,1828,26
Hartwick Academy,1828,22
Hudson Academy,1828,21
Ithaca Academy,1828,14
Johnstown Academy,1828,25
Kingston Academy,1828,13
Lansingburgh Academy,1828,25
Lowville Academy,1828,33
Middlebury Academy,1828,12
Montgomery Academy,1828,13
Mount Pleasant Academy,1828,9
Newburgh Academy,1828,13
Onondaga Academy,1828,25
Oxford Academy,1828,14
Pompey Academy,1828,24
Schenectady Academy,1828,22
St Lawrence Academy,1828,22
Union Hall,1828,25
Utica Academy,1828,26
Washington Academy,1828,14
Albany Academy,1829,19
Auburn Academy,1829,24
Cambridge Washington Academy,1829,21
Canandaigua Academy,1829,25
Cayuga Academy,1829,13
Cazenovia Academy,1829,6
Cherry Valley Academy,1829,17
Clinton Academy,1829,18
Cortland Academy,1829,15
Delaware Academy,1829,24
Dutchess Academy,1829,18
Erasmus Hall,1829,52
Fairfield Academy,1829,16
Franklin(Prattsburgh)Academy,1829,21
Fredonia Academy,1829,19
Greenville Academy,1829,15
Hamilton Academy,1829,26
Hartwick Academy,1829,20
Hudson Academy,1829,20
Ithaca Academy,1829,22
Kingston Academy,1829,21
Lansingburgh Academy,1829,22
Lewiston Academy,1829,20
Middlebury Academy,1829,12
Montgomery Academy,1829,15
Newburgh Academy,1829,13
North Salem Academy,1829,12
Onondaga Academy,1829,19
Oxford Academy,1829,18
Pompey Academy,1829,24
Redhook Academy,1829,2
Schenectady Academy,1829,22
St Lawrence,1829,20
Union Academy(Jefferson County),1829,20
Union Hall,1829,25
Utica Academy,1829,26
Washington Academy,1829,16
Albany Academy,1830,24
Auburn Academy,1830,25
Cambridge Washington Academy,1830,29
Canajoharie Academy,1830,11
Canandaigua Academy,1830,25
Cayuga Academy,1830,15
Cherry Valley Academy,1830,25
Clinton Academy,1830,19
Cortland Academy,1830,14
Delaware Academy,1830,13
Dutchess Academy,1830,21
Erasmus Hall,1830,28
Fairfield Academy,1830,13
Franklin(Prattsburgh)Academy,1830,24
Fredonia Academy,1830,24
Gouverneur,1830,9
Hamilton Academy,1830,26
Hartwick Academy,1830,25
Hudson Academy,1830,23
Ithaca Academy,1830,24
Johnstown Academy,1830,13
Kinderhook Academy,1830,28
Kingston Academy,1830,20
Lansingburgh Academy,1830,21
Lewiston Academy,1830,15
Lowville Academy,1830,26
Middlebury Academy,1830,12
Montgomery Academy,1830,19
Mount Pleasant Academy,1830,16
Newburgh Academy,1830,13
North Salem Academy,1830,35
Oneida Conference,1830,26
Oxford Academy,1830,20
Plattsburgh Academy,1830,15
Pompey Academy,1830,26
Redhook Academy,1830,14
Rochester High School,1830,21
St Lawrence Academy,1830,22
UNKNOWN(last set of 1830 data),1830,12
UNKNOWN Academy(came after Redhook),1830,25
Union Academy(Jefferson County),1830,25
Union Hall,1830,25
Utica Academy,1830,27
Washington Academy,1830,14
Albany Academy,1831,24
Auburn Academy,1831,10
Buffalo Academy,1831,13
Cambridge Washington Academy,1831,13
Canajoharie Academy,1831,15
Canandaigua Academy,1831,24
Cayuga Academy,1831,15
Cherry Valley Academy,1831,20
Clinton Academy,1831,18
Cortland Academy,1831,12
Dutchess Academy,1831,22
Erasmus Hall,1831,27
Fairfield Academy,1831,18
Franklin(Prattsburgh)Academy,1831,22
Fredonia Academy,1831,10
Gouverneur High School,1831,18
Hamilton Academy,1831,25
Hartwick Academy,1831,21
Hudson Academy,1831,21
Ithaca Academy,1831,23
Johnstown Academy,1831,19
Kinderhook Academy,1831,19
Kingston Academy,1831,20
Lansingburgh Academy,1831,20
Lewiston Academy,1831,22
Lowville Academy,1831,23
Monroe Academy,1831,13
Montgomery Academy,1831,25
Mount Pleasant Academy,1831,22
Newburgh Academy,1831,16
North Salem Academy,1831,30
Oneida Conference,1831,27
Oxford Academy,1831,22
Pompey Academy,1831,24
Pottsdam Academy,1831,25
Redhook Academy,1831,15
Schenectady Academy,1831,19
Union Academy(Jefferson Academy),1831,25
Union Hall,1831,22
Utica Academy,1831,18
Washington Academy,1831,8
Albany Academy,1832,40
Auburn Academy,1832,24
Bridgewater Academy,1832,27
Buffalo Academy,1832,39
Canajoharie Academy,1832,12
Canandaigua Academy,1832,25
Cayuga Academy,1832,16
Cherry Valley Academy,1832,19
Clinton Academy,1832,15
Cortland Academy,1832,21
Delaware Academy,1832,17
Dutchess Academy,1832,26
Erasmus Hall,1832,27
Fairfield Academy,1832,21
Franklin(Prattsburgh)Academy,1832,19
Fredonia Academy,1832,19
Gouverneur High School,1832,18
Hamilton Academy,1832,19
Hartwick Academy,1832,15
Hudson Academy,1832,20
Ithaca Academy,1832,21
Johnstown Academy,1832,12
Kinderhook Academy,1832,24
Kingston Academy,1832,13
Lansingburgh Academy,1832,21
Lewiston Academy,1832,14
Lowville Academy,1832,24
Middlebury Academy,1832,13
Montgomery Academy,1832,26
Mount Pleasant Academy,1832,29
Newburgh Academy,1832,15
North Salem Academy,1832,28
Oneida Conference,1832,27
Onondaga Academy,1832,23
Oxford Academy,1832,17
Pompey Academy,1832,22
Redhook Academy,1832,14
Rochester,1832,13
St Lawrence Academy,1832,28
Union Hall,1832,26
Union Literary Society,1832,9
Utica Academy,1832,39
Washington Academy,1832,14
Albany Academy,1833,42
Auburn Academy,1833,38
Bridgewater Academy,1833,25
Buffalo Academy,1833,6
Cambridge Washington Academy,1833,13
Canajoharie Academy,1833,25
Canandaigua Academy,1833,23
Cayuga Academy,1833,14
Cherry Valley Academy,1833,20
Clinton Academy,1833,18
Cortland Academy,1833,20
Delaware Academy,1833,13
Dutchess Academy,1833,25
Fairfield Academy,1833,24
Farmers Hall,1833,5
Franklin(Prattsburgh)Academy,1833,21
Fredonia Academy,1833,20
Gouverneur High School,1833,18
Greenville Academy,1833,8
Hamilton Academy,1833,25
Hartwick Academy,1833,14
Hudson Academy,1833,23
Ithaca Academy,1833,19
Johnstown Academy,1833,11
Kinderhook Academy,1833,28
Kingston Academy,1833,25
Lansingburgh Academy,1833,21
Lewiston Academy,1833,21
Lowville Academy,1833,13
Middlebury Academy,1833,13
Montgomery Academy,1833,21
Mount Pleasant Academy,1833,24
Newburgh Academy,1833,20
North Salem Academy,1833,30
Oneida Conference,1833,37
Onondaga Academy,1833,24
Oxford Academy,1833,21
Oyster Bay Academy,1833,12
Palmyra High School,1833,13
Pompey Academy,1833,23
Redhook Academy,1833,13
Rochester High School,1833,13
Schenectady Academy,1833,14
Springville Academy,1833,25
St Lawrence Academy,1833,22
Union Academy(Jefferson County),1833,25
Union Hall,1833,35
Utica Academy,1833,41
Albany Academy,1834,38
Auburn Academy,1834,34
Bridgewater Academy,1834,24
Cambridge Washington Academy,1834,22
Canajoharie Academy,1834,23
Canandaigua Academy,1834,24
Cayuga Academy,1834,15
Cherry Valley Academy,1834,16
Clinton Academy,1834,21
Cortland Academy,1834,26
Delaware Academy,1834,13
Dutchess Academy,1834,34
Erasmus Hall,1834,27
Farmers Hall,1834,13
Fredonia Academy,1834,20
Gouverneur High School,1834,18
Granville Academy,1834,7
Hamilton Academy,1834,22
Hartwick Academy,1834,13
Hudson Academy,1834,43
Ithaca Academy,1834,22
Johnstown Academy,1834,13
Kinderhook Academy,1834,32
Kingston Academy,1834,29
Lansingburgh Academy,1834,16
Lewiston Academy,1834,19
Lowville Academy,1834,22
Middlebury Academy,1834,14
Montgomery Academy,1834,27
Mount Pleasant Academy,1834,28
Newburgh Academy,1834,22
North Salem Academy,1834,29
Oneida Conference,1834,69
Oneida Institute,1834,27
Onondaga Academy,1834,25
Oxford Academy,1834,28
Oyster Bay Academy,1834,26
Palmyra High School,1834,28
Plattsburgh Academy,1834,13
Pompey Academy,1834,12
Redhook Academy,1834,20
Rochester High School,1834,14
Schenectady Academy,1834,13
Springville Academy,1834,24
St Lawrence Academy,1834,36
Union Academy(Jefferson County),1834,14
Union Hall,1834,42
Utica Academy,1834,41
Albany Academy,1835,36
Auburn Academy,1835,35
Bridgewater Academy,1835,24
Cambridge Washington Academy,1835,19
Canajoharie Academy,1835,13
Canandaigua Academy,1835,23
Cherry Valley Academy,1835,18
Clinton Academy,1835,23
Cortland Academy,1835,25
Delaware Academy,1835,14
Dutchess Academy,1835,13
Erasmus Hall Academy,1835,37
Fairfield Academy,1835,18
Farmer's Hall,1835,15
Fredonia Academy,1835,19
Gouverneur High School,1835,18
Granville Academy,1835,11
Hamilton Academy,1835,14
Hartwick Academy,1835,13
Hudson Academy,1835,20
Ithaca Academy,1835,19
Jamaica Academy,1835,12
Johnstown Academy,1835,14
Kinderhook Academy,1835,21
Kingston Academy,1835,22
Lansingburgh Academy,1835,20
Lewiston Academy,1835,22
Lowville Academy,1835,27
Middlebury Academy,1835,13
Monroe Academy,1835,23
Montgomery Academy,1835,19
Mount Pleasant Academy,1835,19
Newburgh Academy,1835,23
North Salem Academy,1835,23
Oneida Conference,1835,27
Oneida Institute,1835,13
Onondaga Academy,1835,24
Oxford Academy,1835,29
Oyster Bay Academy,1835,21
Palmyra High School,1835,24
Pompey Academy,1835,18
Redhook Academy,1835,13
Rochester High School,1835,26
Schenectady Academy,1835,13
Springville Academy,1835,14
St Lawrence Academy,1835,24
Union Academy,1835,15
Union Hall,1835,11
Utica Academy,1835,38
Albany Academy,1836,31
Auburn Academy,1836,26
Bridgewater Academy,1836,22
Cambridge Washington Academy,1836,19
Canajoharie Academy,1836,13
Canandaigua Academy,1836,26
Cherry Valley Academy,1836,19
Clinton Academy,1836,17
Cortland Academy,1836,22
Delaware Academy,1836,11
Dutchess Academy,1836,14
Erasmus Hall,1836,27
Fairfield Academy,1836,15
Farmers Hall,1836,13
Fredonia Academy,1836,22
Gouverneur High School,1836,16
Granville Academy,1836,14
Hamilton Academy,1836,15
Hartwick Academy,1836,14
Ithaca Academy,1836,3
Johnstown Academy,1836,13
Kinderhook Academy,1836,24
Kingston Academy,1836,27
Lansingburgh Academy,1836,30
Lewiston Academy,1836,25
Middlebury Academy,1836,9
Monroe Academy,1836,13
Montgomery Academy,1836,23
Mount Pleasant Academy,1836,26
Newburgh Academy,1836,24
Oneida Conference,1836,27
Oneida Institute,1836,14
Onondaga Academy,1836,39
Oxford Academy,1836,21
Palmyra High Scool,1836,25
Pompey Academy,1836,24
Redhook Academy,1836,19
Rochester High School,1836,23
Schenectady Academy,1836,19
Springville Academy,1836,14
St Lawrence Academy,1836,20
Union Academy,1836,24
Union Hall,1836,24
Utica Academy,1836,30
Albany Academy,1837,6
Auburn Academy,1837,50
Bridgewater Academy,1837,26
Cambridge Washington Academy,1837,22
Canajoharie Academy,1837,19
Canandaigua Academy,1837,21
Cayuga Academy,1837,11
Cherry Valley Academy,1837,12
Clinton Academy,1837,22
Cortland Academy,1837,26
Delaware Academy,1837,16
Dutchess Academy,1837,16
Erasmus Hall,1837,38
Fairfield Academy,1837,26
Fredonia Academy,1837,34
Gaines Academy,1837,29
Gouverneur High School,1837,14
Granville Academy,1837,15
Hamilton Academy,1837,26
Hartwick Academy,1837,17
Ithaca Academy,1837,39
Johnstown Academy,1837,16
Kinderhook Academy,1837,30
Kingston Academy,1837,21
Lansingburgh Academy,1837,35
Lewiston Academy,1837,15
Lowville Academy,1837,15
Middlebury Academy,1837,12
Monroe Academy,1837,18
Montgomery Academy,1837,28
Mount Pleasant Academy,1837,21
Newburgh Academy,1837,28
North Salem Academy,1837,38
Oneida Conference,1837,30
Oneida Institute,1837,21
Onondaga Academy,1837,35
Oxford Academy,1837,18
Oyster Bay Academy,1837,14
Palmyra High School,1837,26
Plattsburgh Academy,1837,13
Pompey Academy,1837,26
Redhook Academy,1837,21
Rensselaer Academy,1837,27
Rochester High School,1837,32
Salem Washington Academy,1837,8
Schenectady Academy,1837,28
Springville Academy,1837,11
St Lawrence Academy,1837,23
Union Academy,1837,11
Union Hall,1837,36
Utica Academy,1837,38
Albany Academy,1838,31
Auburn Academy,1838,21
Cambridge Washington Academy,1838,33
Canajoharie Academy,1838,6
Canandaigua Academy,1838,26
Cayuga Academy,1838,13
Clinton Academy,1838,14
Columbia College,1838,5
Cortland Academy,1838,24
Delaware Academy,1838,12
Erasmus Hall,1838,31
Fairfield Academy,1838,26
Farmers Hall,1838,15
Franklin Academy,1838,15
Fredonia Academy,1838,20
Gaines Academy,1838,27
Gouverneur High School,1838,18
Granville Academy,1838,16
Hamilton Academy,1838,34
Hartwick Academy,1838,21
Ithaca Academy,1838,35
Johnstown Academy,1838,14
Kinderhook Academy,1838,33
Kingston Academy,1838,16
Lewiston Academy,1838,9
Lowville Academy,1838,16
Middlebury Academy,1838,14
Mount Pleasant Academy,1838,19
Newburgh Academy,1838,24
North Salem Academy,1838,28
Ogdensburgh Academy,1838,56
Oneida Conference,1838,27
Oneida Institute,1838,25
Onondaga Academy,1838,28
Oxford Academy,1838,21
Plattsburgh Academy,1838,14
Pompey Academy,1838,14
Redhook Academy,1838,12
Rensselaer Academy,1838,29
Rochester High School,1838,32
Salem Washington,1838,18
Springville Academy,1838,11
St Lawrence Academy,1838,23
Union Hall,1838,26
Utica Academy,1838,30
Albany Academy,1839,30
Auburn Academy,1839,22
Cambridge Washington Academy,1839,24
Canandaigua Academy,1839,25
Cayuga Academy,1839,9
Cherry Valley Academy,1839,14
Clinton Academy,1839,15
Cortland Academy,1839,25
Dutchess Academy,1839,10
Erasmus Hall,1839,26
Fairfield Academy,1839,21
Farmers Hall,1839,14
Franklin(Malone)Academy,1839,27
Franklin(Prattsburgh)Academy,1839,16
Fredonia Academy,1839,24
Gaines Academy,1839,26
Gouverneur High School,1839,16
Granville Academy,1839,15
Hamilton Academy,1839,23
Hartwick Academy,1839,14
Ithaca Academy,1839,39
Johnstown Academy,1839,12
Kinderhook Academy,1839,30
Kingston Academy,1839,19
Lansingburgh Academy,1839,14
Lewiston Academy,1839,32
Lowville Academy,1839,32
Middlebury Academy,1839,14
Monroe Academy,1839,14
Montgomery Academy,1839,26
Mount Pleasant Academy,1839,23
Newburgh Academy,1839,15
Oneida Institute,1839,27
Onondaga Academy,1839,35
Oxford Academy,1839,19
Plattsburgh Academy,1839,15
Pompey Academy,1839,14
Redhook Academy,1839,14
Rensselaer Academy,1839,32
Rochester High School,1839,33
Springville Academy,1839,24
St Lawrence Academy,1839,28
Union College,1839,41
Union Hall,1839,33
Utica Academy,1839,37
Washington Academy,1839,13
Albany Academy,1840,31
Auburn Academy,1840,21
Cambridge Academy,1840,20
Cayuga Academy,1840,20
Cherry Valley Academy,1840,14
Clinton Academy,1840,30
Cortland Academy,1840,30
Dutchess Academy,1840,14
Erasmus Hall,1840,41
Fairfield Academy,1840,14
Farmers Hall,1840,12
Franklin(Malone)Academy,1840,33
Franklin(Prattsburgh)Academy,1840,20
Fredonia Academy,1840,21
Gaines Academy,1840,25
Granville Academy,1840,15
Hamilton Academy,1840,26
Hudson Academy,1840,20
Ithaca Academy,1840,15
Johnstown Academy,1840,23
Kinderhook Academy,1840,34
Kingston Academy,1840,18
Lansingburgh Academy,1840,19
Lewiston Academy,1840,25
Lowville Academy,1840,21
Middlebury Academy,1840,16
Millville Academy,1840,35
Monroe Academy,1840,15
Montgomery Academy,1840,28
Mount Pleasant Academy,1840,20
Newburgh Academy,1840,13
North Salem Academy,1840,39
Oneida Conference,1840,35
Oneida Institute,1840,35
Onondaga Academy,1840,64
Plattsburgh Academy,1840,14
Pompey Academy,1840,17
Redhook Academy,1840,22
Rensselaer Academy,1840,28
Rochester Collegiate Institute,1840,43
Springville Academy,1840,27
St Lawrence Academy,1840,33
Union Academy,1840,30
Union Hall,1840,35
Washington Academy,1840,49
Albany Academy,1841,49
Auburn Academy,1841,20
Cambridge Washington Academy,1841,34
Cayuga Academy,1841,24
Cherry Valley Academy,1841,15
Clinton Academy,1841,22
Cortland Academy,1841,27
Delaware Academy,1841,5
Dutchess Academy,1841,14
Erasmus Hall,1841,41
Fairfield Academy,1841,30
Farmers Hall,1841,15
Franklin(Prattsburgh)Academy,1841,20
Fredonia Academy,1841,23
Gaines Academy,1841,26
Gouverneur Wesleyan Seminary,1841,31
Granville Academy,1841,15
Hamilton Academy,1841,39
Hudson Academy,1841,16
Ithaca Academy,1841,24
Johnstown Academy,1841,17
Kinderhook Academy,1841,33
Kingston Academy,1841,15
Lewiston Academy,1841,24
Lowville Academy,1841,27
Middlebury Academy,1841,16
Millville Academy,1841,39
Montgomery Academy,1841,21
Mount Pleasant Academy,1841,44
Newburgh Academy,1841,16
North Salem Academy,1841,41
Oneida Conference,1841,36
Onondaga Academy,1841,44
Oxford Academy,1841,24
Plattsburgh Academy,1841,15
Pompey Academy,1841,15
Redhook Academy,1841,29
Rensselaer Academy,1841,69
Rochester Academy,1841,126
Springville Academy,1841,48
St Lawrence Academy,1841,74
Union Hall,1841,73
Union Literary Society,1841,51
Utica Academy,1841,26
Washington Academy,1841,42
Albany Academy,1842,80
Auburn Academy,1842,38
Canandaigua Academy,1842,39
Cayuga Academy,1842,29
Cherry Valley Academy,1842,30
Clinton Academy,1842,42
Cortland Academy,1842,48
Dutchess Academy,1842,22
Erasmus Hall,1842,68
Franklin(Malone)Academy,1842,39
Franklin(Prattsburgh)Academy,1842,17
Fredonia Academy,1842,23
Gaines Academy,1842,36
Gouverneur Wesleyan Seminary,1842,24
Granville Academy,1842,15
Hamilton Academy,1842,38
Hartwick Academy,1842,22
Hudson Academy,1842,15
Ithaca Academy,1842,15
Johnstown Academy,1842,29
Kinderhook Academy,1842,36
Lansingburgh Academy,1842,14
Lewiston Academy,1842,32
Lowville Academy,1842,28
Middlebury Academy,1842,16
Millville Academy,1842,37
Montgomery Academy,1842,34
Mount Pleasant Academy,1842,27
Newburgh Academy,1842,28
North Salem Academy,1842,49
Oneida Conference,1842,46
Onondaga Academy,1842,32
Oxford Academy,1842,25
Plattsburgh Academy,1842,14
Pompey Academy,1842,16
Redhook Academy,1842,15
Rensselaer Academy,1842,34
Rochester Academy,1842,45
Springville Academy,1842,18
St Lawrence Academy,1842,32
Union Hall,1842,36
Union Literary Society,1842,28
Utica Academy,1842,14
Washington Academy,1842,40
Albany Academy,1843,49
Auburn Academy,1843,29
Cayuga Academy,1843,14
Cherry Valley Academy,1843,16
Clinton Academy,1843,14
Cortland Academy,1843,27
Delaware Academy,1843,20
Dutchess Academy,1843,40
Fairfield Academy,1843,30
Franklin(Monroe)Academy,1843,36
Franklin(Prattsburgh)Academy,1843,19
Fredonia Academy,1843,20
Gouverneur Wesleyan Seminary,1843,15
Granville Academy,1843,17
Hamilton Academy,1843,29
Hartwick Academy,1843,31
Hudson Academy,1843,16
Ithaca Academy,1843,24
Johnstown Academy,1843,34
Kinderhook Academy,1843,31
Kingston Academy,1843,15
Lansingburgh Academy,1843,27
Lewiston Academy,1843,33
Lowville Academy,1843,26
Middlebury Academy,1843,15
Millville Academy,1843,39
Mount Pleasant Academy,1843,28
Newburgh Academy,1843,29
North Salem Academy,1843,46
Oneida Conference,1843,38
Onondaga Academy,1843,34
Oxford Academy,1843,23
Plattsburgh Academy,1843,10
Pompey Academy,1843,14
Rensselaer Academy,1843,29
Rochester Collegiate Institute,1843,39
Springville Academy,1843,19
St Lawrence Academy,1843,30
Syracuse Academy,1843,30
Union Hall,1843,26
Union Literary Society,1843,24
Utica Academy,1843,14
Washington Academy,1843,52
Albany Academy,1844,26
Auburn Academy,1844,20
Cayuga Academy,1844,14
Cherry Valley Academy,1844,15
Cortland Academy,1844,27
Dutchess Academy,1844,14
Erasmus Hall,1844,33
Fairfield Academy,1844,33
Farmers Hall,1844,15
Franklin(Prattsburgh)Academy,1844,21
Fredonia Academy,1844,30
Gouverneur Wesleyan Seminary,1844,10
Granville Academy,1844,15
Hamilton Academy,1844,38
Hartwick Academy,1844,20
Hudson Academy,1844,25
Ithaca Academy,1844,22
Johnstown Academy,1844,27
Kinderhook Academy,1844,26
Lansingburgh Academy,1844,27
Lewiston Academy,1844,28
Lowville Academy,1844,24
Middlebury Academy,1844,14
Millville Academy,1844,39
Montgomery Academy,1844,14
Mount Pleasant Academy,1844,27
Newburgh Academy,1844,27
North Salem Academy,1844,44
Oneida Conference,1844,27
Onondaga Academy,1844,33
Oxford Academy,1844,19
Plattsburgh Academy,1844,13
Rensselaer Academy,1844,17
Rochester Academy,1844,45
Springville Academy,1844,19
St Lawrence Academy,1844,24
Union Academy,1844,19
Union Hall,1844,26
Utica Academy,1844,14
Washington Academy,1844,95
Albany Academy,1845,30
Auburn Academy,1845,23
Cayuga Academy,1845,22
Cherry Valley Academy,1845,24
Cortland Academy,1845,26
Dutchess Academy,1845,26
Erasmus Hall,1845,37
Fairfield Academy,1845,37
Farmers Hall,1845,29
Franklin(Prattsburgh)Academy,1845,20
Fredonia Academy,1845,27
Gouverneur Wesleyan Seminary,1845,14
Granville Academy,1845,14
Hamilton Academy,1845,32
Hartwick Academy,1845,14
Hudson Academy,1845,25
Ithaca Academy,1845,23
Johnstown Academy,1845,30
Kinderhook Academy,1845,30
Kingston Academy,1845,14
Lansingburgh Academy,1845,24
Lewiston Academy,1845,26
Lowville Academy,1845,39
Mexico Academy,1845,27
Middlebury Academy,1845,14
Millville Academy,1845,35
Montgomery Academy,1845,13
Mount Pleasant Academy,1845,18
Newburgh Academy,1845,15
North Salem Academy,1845,31
Oneida Conference,1845,23
Onondaga Academy,1845,24
Oxford Academy,1845,26
Rensselaer Collegiate Institute,1845,46
Springville Academy,1845,18
St Lawrence Academy,1845,28
Union Hall,1845,39
Union Literary Society,1845,21
Utica Academy,1845,26
Washington Academy,1845,101
Albany Academy,1846,29
Auburn Academy,1846,30
Cayuga Academy,1846,26
Cortland Academy,1846,28
Dutchess Academy,1846,31
Erasmus Hall,1846,37
Fairfield Academy,1846,32
Farmers Hall,1846,25
Franklin(Prattsburgh)Academy,1846,23
Fredonia Academy,1846,26
Gouverneur Wesleyan Seminary,1846,28
Granville Academy,1846,15
Hamilton Academy,1846,34
Hartwick Academy,1846,15
Hudson Academy,1846,27
Ithaca Academy,1846,21
Johnstown Academy,1846,13
Kinderhook Academy,1846,31
Kingston Academy,1846,14
Lansingburgh Academy,1846,26
Lewiston Academy,1846,21
Lowville Academy,1846,31
Mexico Academy,1846,19
Middlebury Academy,1846,14
Millville Academy,1846,35
Montgomery Academy,1846,14
Mount Pleasant Academy,1846,32
New York Institutefor Deafand Dumb,1846,10
Newburgh Academy,1846,15
North Salem Academy,1846,14
Oneida Conference,1846,109
Onondaga Academy,1846,15
Oxford Academy,1846,33
Plattsburgh Academy,1846,15
Rochester Collegiate Institute,1846,43
Springville Academy,1846,20
St Lawrence Academy,1846,35
Union Hall,1846,40
Union Literary Society,1846,16
Utica Academy,1846,14
Washington Academy,1846,33
Albany Academy,1847,33
Auburn Academy,1847,26
Cayuga Academy,1847,13
Cortland Academy,1847,27
Dutchess Academy,1847,24
Erasmus Hall,1847,37
Fairfield Academy,1847,34
Farmers Hall,1847,15
Fredonia Academy,1847,33
Gouverneur Wesleyan Seminary,1847,26
Granville Academy,1847,15
Hamilton Academy,1847,29
Hartwick Academy,1847,14
Hudson Academy,1847,14
Ithaca Academy,1847,16
Johnstown Academy,1847,25
Kinderhook Academy,1847,28
Kingston Academy,1847,16
Lansingburgh Academy,1847,22
Lewiston Academy,1847,28
Lowville Academy,1847,14
Mexico Academy,1847,28
Middlebury Academy,1847,14
Millville Academy,1847,24
Montgomery Academy,1847,15
Mount Pleasant Academy,1847,39
New York Institutefor Deafand Dumb,1847,24
Newburgh Academy,1847,22
North Salem Academy,1847,47
Oneida Conference,1847,36
Oxford Academy,1847,19
Plattsburgh Academy,1847,27
Rochester Collegiate Institute,1847,43
Springville Academy,1847,25
St Lawrence Academy,1847,26
Union Hall,1847,39
Utica Academy,1847,15
Washington Academy,1847,33
Albany Academy,1848,28
Auburn Academy,1848,37
Cayuga Academy,1848,14
Cortland Academy,1848,27
Dutchess Academy,1848,18
Erasmus Hall,1848,36
Fairfield Academy,1848,32
Farmers Hall,1848,14
Fredonia Academy,1848,30
Gouverneur Wesleyan Seminary,1848,28
Granville Academy,1848,14
Hamilton Academy,1848,38
Hartwick Academy,1848,14
Hudson Academy,1848,14
Ithaca Academy,1848,21
Johnstown Academy,1848,17
Kingston Academy,1848,15
Lansingburgh Academy,1848,22
Lewiston Academy,1848,22
Lowville Academy,1848,22
Mexico Academy,1848,32
Middlebury Academy,1848,14
Montgomery Academy,1848,17
Mount Pleasant Academy,1848,37
New York Institutefor Deafand Dumb,1848,48
Newburgh Academy,1848,23
North Salem Academy,1848,46
Oneida Conference,1848,40
Oxford Academy,1848,24
Plattsburgh Academy,1848,33
Rochester Collegiate Institute,1848,52
Springville Academy,1848,21
St Lawrence Academy,1848,22
Union Hall,1848,30
Utica Academy,1848,16
Washington Academy,1848,43
Albany Academy,1849,42
Amenia Academy,1849,52
Auburn Academy,1849,36
Cayuga Academy,1849,15
Cortland Academy,1849,28
Dutchess Academy,1849,25
Erasmus Hall,1849,36
Fairfield Academy,1849,27
Farmers Hall,1849,15
Granville Academy,1849,16
Hamilton Academy,1849,38
Hartwick Academy,1849,14
Hudson Academy,1849,15
Ithaca Academy,1849,15
Johnstown Academy,1849,28
Kingston Academy,1849,14
Lansingburgh Academy,1849,14
Lewiston Academy,1849,20
Lowville Academy,1849,21
Mexico Academy,1849,29
Montgomery Academy,1849,13
Mount Pleasant Academy,1849,24
New York Institutefor Deafand Dumb,1849,37
Newburgh Academy,1849,24
North Salem Academy,1849,59
Oneida Conference,1849,37
Oxford Academy,1849,25
Plattsburgh Academy,1849,15
Rochester Collegiate Institute,1849,47
Springville Academy,1849,20
St Lawrence Academy,1849,14
Union Hall,1849,27
Washington Academy,1849,23
Cayuga Academy,1850,16
Cortland Academy,1850,32
Hartwick Academy,1850,14
Lansingburgh Academy,1850,23
Springville Academy,1850,20
St Lawrence Academy,1850,50
Union Hall,1850,19
Albany Academy,1850-1860,102
Cherry Valley Academy,1850-1860,82
Delaware Academy,1850-1860,8
Elmira Academy,1850-1860,59
Erasmus Hall,1850-1860,72
Fredonia Academy,1850-1860,69
Geneva College,1850-1860,9
Geneva Conference,1850-1860,35
Hamilton Academy,1850-1860,92
Homer Academy,1850-1860,127
Lewiston Academy,1850-1860,29
Liberty Academy,1850-1860,26
Lowville Academy,1850-1860,22
Mexico Academy,1850-1860,19
New York Institutefor Deafand Dumb,1850-1860,45
Newburgh Academy,1850-1860,30
North Salem Academy,1850-1860,70
Ogdensburgh Academy,1850-1860,59
Oxford Academy,1850-1860,64
Plattsburgh Academy,1850-1860,51
Pompey Academy,1850-1860,92
Rochester Academy,1850-1860,72
Seneca Falls Academy,1850-1860,31
Utica Academy,1850-1860,21
Washington Academy,1850-1860,6
White Plains Academy,1850-1860,21
Fredonia Academy,1852,72
Geneva College,1853,57
Hudson Academy,1853,42
Ithaca Academy,1853,39
Jamestown Academy,1853,42
Liberty Academy,1853,44
Lowville Academy,1853,6
Mexico Academy,1853,37
New York Institutefor Deafand Dumb,1853,12
North Salem Academy,1853,37
Ogdensburgh Academy,1853,27
Hudson Academy,1854,50
Ithaca Academy,1854,13
Jamestown Academy,1854,41
Liberty Academy,1854,16
Lowville Academy,1854,38
Mexico Academy,1854,45
New York Institutefor Deafand Dumb,1854,50
North Salem Academy,1854,20
Ogdensburgh Academy,1854,35
Oxford Academy,1854,55
Plattsburgh Academy,1854,46
Pompey Academy,1854,54
Spencertown Academy,1854,26
Utica Academy,1854,15
White Plains Academy,1854,25
Erasmus Hall,1858,48
Hamilton Academy,1858,45